Bank Name,Bank Official Name
Allahabad Bank,Mr.Pankaj Tripathi   
Allahabad Bank,Mr.Rajaram K      
Allahabad Bank,Mr.Asish Ranjan Mahana   
Allahabad Bank,Office Land line numbers & email
Allahabad Bank,Office Land line numbers & email
Andhra Bank,Andhra Bank Call Center
Andhra Bank,Andhra Bank Call Center
Axis Bank,Mr.Arun Haldar
Axis Bank,Mr.Arun Haldar
Bank of Baroda,Mr.Mithil K Mehta
Bank of India,Bank of India - Call Centre 
Bank of India,Bank of India - Call Centre 
Bank of Maharashtra,"Mr.Shirish S Salway  Manager, IT"
Canara Bank,Mr. Adarsh or Mr. Kanakeswarudu
Central Bank of India ,Mr MVR Subrahmanyam
Corporation Bank,M.Prakash Kudva - Asst. General Manager 
Corporation Bank,Ms. Seema Kadwadkar - Officer  
Dena bank,Mr.Anand P. Joshi Manager (IT.)
Dena bank,Shri. Bijay Mohanty Chief Manager(Government Business)
HDFC Bank,Mr. Vishwajeet Ghorpade
HDFC Bank,Mr. Sandeep Gurav
HDFC Bank,Mr. Ashwin Subramanian
HDFC Bank,Mr. Niroj Satpathy
HDFC Bank,Mr. Vincent D'Souza
ICICI Bank,Corporate Customer
ICICI Bank,Retail Customer
IDBI Bank Limited,Ritish Kumar Mishra
IDBI Bank Limited,Sylvia D'Souza
Indian Bank ,"Mr.Subramanian T, Manager"
Indian Bank ,"Mr.Vinodh V, Sr. Manager(IT)"
Indian Bank ,"Mr.Jaishankar N, Manager"
Indian Overseas Bank,Mr.P.S.Mahendran
Indian Overseas Bank,Mr.P.S.Mahendran
Jammu and Kashmir Bank,Mr.Shabir Ahmad Bullah
Jammu and Kashmir Bank,Mr.Shabir Ahmad Bullah
Jammu and Kashmir Bank,Mr.Masood Ahmed Lanker
Jammu and Kashmir Bank,Mr.Masood Ahmed Lanker
Jammu and Kashmir Bank,Mr.Masood Ahmed Lanker
Oriental Bank of Commerce,Mr.Ritesh Rastogi  Manager (IT) 
Oriental Bank of Commerce,Mr.Harendra Singh Takola Manager (IT)
Punjab National Bank,Mr Ratnesh Srivastava
Punjab National Bank,Ms Goldi Ahuja
Punjab National Bank,Ms Shilpi Roy 
Punjab and Sind Bank,Mr. Rahul Savant
State Bank of India,Customer Support Cell
Syndicate Bank,Shri B.S. Phani Kumar / Shri A.Muralidhar
UCO BANK,Shri V.K.Shrivastava - Chief Officer 
Union Bank of India,Mr. S K Mohapatra - Chief Manager 
Union Bank of India,Mr. Sandidutta Mallik - Senior Manager  
Union Bank of India,Ms. Shilpi Tiwari - Manager 
Union Bank of India,Mr. Sameer Wadkar - Asst. Manager 
United Bank of India,Ridhi Sahay
United Bank of India,"Kaveri Majumdhar , OFFICER(IT)"
United Bank of India,"Mr.Krishna Lal Singh , SR. MANAGER(IT)"
United Bank of India,"Mr.Atish Kumar Rout  , CHIEF MANAGER(IT)"
Vijaya Bank,"Mr. Raja, Senior Manager – IT "
Vijaya Bank,Mr.Pradeep Seth
Vijaya Bank,Mr.Pradeep Seth
